Gene,,,,,,,,,,,,,,,,,,,,,,,,
Index,Gene Title,GO Molecular Function,Weight,ransform,Category,Line EMT,,,,,,,,,,,,,,,,,,
Symbol,,,,ed,,Signature = 1,,,,,,,,,,,,,,,,,,
1 KRT19,"Keratin, type I cytoskeletal 19",structural constituent of cytoskeleton,2.37,12.68,Epi,1,,,,,,,,,,,,,,,,,,
,Anterior gradient protein 2,,,,,,,,,,,,,,,,,,,,,,,
2 AGR2,,oxidoreductase activity,2.34,12.52,Epi,1,,,,,,,,,,,,,,,,,,
,homolog,,,,,,,,,,,,,,,,,,,,,,,
3 RAB25,Ras-related protein Rab-25,---,2.31,12.37,Epi,1,,,,,,,,,,,,,,,,,,
,"cadherin 1, type 1, E-cadherin",,,,,,,,,,,,,,,,,,,,,,,
4 CDH1,,calcium ion binding,2.09,11.12,Epi,1,,,,,,,,,,,,,,,,,,
,(epithelial),,,,,,,,,,,,,,,,,,,,,,,
,,non-membrane spanning protein tyrosine kinase,,,,,,,,,,,,,,,,,,,,,,
,,activity;transmembrane receptor protein kinase,,,,,,,,,,,,,,,,,,,,,,
,Receptor tyrosine-protein kinase,,,,,,,,,,,,,,,,,,,,,,,
5 ERBB3,,activity;transmembrane receptor protein tyrosine,1.95,10.31,Epi,1,,,,,,,,,,,,,,,,,,
,erbB-3,kinase activity;transmembrane receptor protein,,,,,,,,,,,,,,,,,,,,,,
,,kinase activity;growth factor activity,,,,,,,,,,,,,,,,,,,,,,
,FXYD domain-containing ion,,,,,,,,,,,,,,,,,,,,,,,
6 FXYD3,,ion channel activity;protein binding,1.91,10.10,Epi,1,,,,,,,,,,,,,,,,,,
,transport regulator 3,,,,,,,,,,,,,,,,,,,,,,,
,"solute carrier family 44,",,,,,,,,,,,,,,,,,,,,,,,
7 SLC44A4,,phospholipid metabolic process,1.86,9.84,Epi,0,,,,,,,,,,,,,,,,,,
,member 4,,,,,,,,,,,,,,,,,,,,,,,
,,calcium ion binding;receptor binding;calmodulin,,,,,,,,,,,,,,,,,,,,,,
8 S100P,Protein S100-P,,1.72,9.05,Epi,1,,,,,,,,,,,,,,,,,,
,,binding,,,,,,,,,,,,,,,,,,,,,,
,Amiloride-sensitive sodium,,,,,,,,,,,,,,,,,,,,,,,
9 SCNN1A,,ion channel activity,1.68,8.78,Epi,1,,,,,,,,,,,,,,,,,,
,channel subunit alpha,,,,,,,,,,,,,,,,,,,,,,,
,Polypeptide N-,,,,,,,,,,,,,,,,,,,,,,,
10 GALNT3,acetylgalactosaminyltransferase,"transferase activity, transferring glycosyl groups",1.67,8.75,Epi,1,,,,,,,,,,,,,,,,,,
,3,,,,,,,,,,,,,,,,,,,,,,,
11 PRSS8,Prostasin,serine-type peptidase activity,1.61,8.39,Epi,1,,,,,,,,,,,,,,,,,,
,ETS-related transcription factor,transcription factor activity;receptor,,,,,,,,,,,,,,,,,,,,,,
12 ELF3,Elf-3,binding;transcription factor activity,1.59,8.32,Epi,1,,,,,,,,,,,,,,,,,,
,Carcinoembryonic antigen-,,,,,,,,,,,,,,,,,,,,,,,
13 CEACAM6,,---,1.58,8.24,Epi,1,,,,,,,,,,,,,,,,,,
,related cell adhesion molecule 6,,,,,,,,,,,,,,,,,,,,,,,
,Transmembrane protease serine,,,,,,,,,,,,,,,,,,,,,,,
14 TMPRSS4,,serine-type peptidase activity,1.56,8.14,Epi,1,,,,,,,,,,,,,,,,,,
,4,,,,,,,,,,,,,,,,,,,,,,,
15 CLDN7,Claudin-7,---,1.56,8.14,Epi,1,,,,,,,,,,,,,,,,,,
,Tumour-associated calcium,,,,,,,,,,,,,,,,,,,,,,,
16 TACSTD2,,receptor activity,1.56,8.10,Epi,1,,,,,,,,,,,,,,,,,,
,signal transducer 2,,,,,,,,,,,,,,,,,,,,,,,
17 CLDN3,Claudin-3,---,1.54,8.03,Epi,0,,,,,,,,,,,,,,,,,,
18 EPCAM,Epithelial cell adhesion molecule,receptor activity,1.52,7.92,Epi,1,,,,,,,,,,,,,,,,,,
,,protein binding;serine-type endopeptidase,,,,,,,,,,,,,,,,,,,,,,
19 SPINT1,Kunitz-type protease inhibitor 1,,1.46,7.56,Epi,1,,,,,,,,,,,,,,,,,,
,,inhibitor activity,,,,,,,,,,,,,,,,,,,,,,
20 TSPAN1,Tetraspanin-1,receptor activity;receptor binding,1.43,7.41,Epi,1,,,,,,,,,,,,,,,,,,
21 PLS1,Phospholipid scramblase 1,---,1.43,7.39,Epi,1,,,,,,,,,,,,,,,,,,
22 TMEM30B,Cell cycle control protein 50B,---,1.43,7.38,Epi,1,,,,,,,,,,,,,,,,,,
23 PRR15L,Proline-rich protein 15-like protein ---,,1.41,7.26,Epi,0,,,,,,,,,,,,,,,,,,
24 KRT8,"Keratin, type II cytoskeletal 8",structural constituent of cytoskeleton,1.40,7.20,Epi,1,,,,,,,,,,,,,,,,,,
,,serine-type peptidase activity;receptor,,,,,,,,,,,,,,,,,,,,,,
,Suppressor of Tumourigenicity,activity;calcium ion binding;hormone,,,,,,,,,,,,,,,,,,,,,,
25 ST14,14 protein,activity;calmodulin binding;calcium-dependent,1.38,7.11,Epi,1,,,,,,,,,,,,,,,,,,
,,phospholipid binding;peptidase inhibitor activity,,,,,,,,,,,,,,,,,,,,,,
,,"RNA splicing factor activity, transesterification",,,,,,,,,,,,,,,,,,,,,,
,,mechanism;structural constituent of,,,,,,,,,,,,,,,,,,,,,,
26 RBM47,RNA-binding protein 47,,1.37,7.03,Epi,1,,,,,,,,,,,,,,,,,,
,,ribosome;DNA replication origin binding;single-,,,,,,,,,,,,,,,,,,,,,,
,,stranded DNA binding;poly(A) RNA binding,,,,,,,,,,,,,,,,,,,,,,
,,calcium ion binding;receptor binding;calmodulin,,,,,,,,,,,,,,,,,,,,,,
27 S100A14,Protein S100-A14,,1.36,7.01,Epi,1,,,,,,,,,,,,,,,,,,
,,binding,,,,,,,,,,,,,,,,,,,,,,
,Uncharacterized protein,,,,,,,,,,,,,,,,,,,,,,,
28 C1orf106,,---,1.36,7.00,Epi,1,,,,,,,,,,,,,,,,,,
,C1orf106,,,,,,,,,,,,,,,,,,,,,,,
,NAD(P)H dehydrogenase,,,,,,,,,,,,,,,,,,,,,,,
29 NQO1,,---,1.36,7.00,Epi,0,,,,,,,,,,,,,,,,,,
,[quinone] 1,,,,,,,,,,,,,,,,,,,,,,,
,,transcription factor activity;chromatin,,,,,,,,,,,,,,,,,,,,,,
,TOX high mobility group box,,,,,,,,,,,,,,,,,,,,,,,
30 TOX3,,binding;receptor binding;transcription factor,1.36,6.99,Epi,1,,,,,,,,,,,,,,,,,,
,family member 3,,,,,,,,,,,,,,,,,,,,,,,
,,activity,,,,,,,,,,,,,,,,,,,,,,
,,non-membrane spanning protein tyrosine kinase,,,,,,,,,,,,,,,,,,,,,,
,,activity;transmembrane receptor protein kinase,,,,,,,,,,,,,,,,,,,,,,
31 PTK6,Protein-tyrosine kinase 6,activity;transmembrane receptor protein tyrosine,1.35,6.95,Epi,1,,,,,,,,,,,,,,,,,,
,,kinase activity;transmembrane receptor protein,,,,,,,,,,,,,,,,,,,,,,
,,kinase activity;growth factor activity,,,,,,,,,,,,,,,,,,,,,,
,,cytokine activity;hormone activity;growth factor,,,,,,,,,,,,,,,,,,,,,,
32 TFF1,Trefoil factor 1,,1.34,6.87,Epi,0,,,,,,,,,,,,,,,,,,
,,activity,,,,,,,,,,,,,,,,,,,,,,
,,,,,,,,,,,,,,,,,,,,,,,,
33 CLDN4,Claudin-4,---,1.34,6.87,Epi,1,,,,,,,,,,,,,,,,,,
34 GPRC5A,Retinoic acid-induced protein 3,G-protein coupled receptor activity,1.34,6.87,Epi,0,,,,,,,,,,,,,,,,,,
35 TJP3,Tight junction protein ZO-3,---,1.33,6.85,Epi,0,,,,,,,,,,,,,,,,,,
36 KRT18,"Keratin, type I cytoskeletal 18",structural constituent of cytoskeleton,1.31,6.73,Epi,1,,,,,,,,,,,,,,,,,,
,,structural constituent of cytoskeleton;microtubule,,,,,,,,,,,,,,,,,,,,,,
37 MAP7,Ensconsin,binding,1.28,6.56,Epi,1,,,,,,,,,,,,,,,,,,
38 CKMT1A,"creatine kinase, mitochondrial 1A",nucleotide binding,1.27,6.51,Epi,1,,,,,,,,,,,,,,,,,,
,Epithelial splicing regulatory,structural constituent of ribosome;nucleic acid,,,,,,,,,,,,,,,,,,,,,,
39 ESRP1,,,1.27,6.47,Epi,1,,,,,,,,,,,,,,,,,,
,protein 1,binding,,,,,,,,,,,,,,,,,,,,,,
,,RNA polymerase II core promoter proximal,,,,,,,,,,,,,,,,,,,,,,
40 MUC1,"mucin 1, cell surface associated",,1.25,6.40,Epi,0,,,,,,,,,,,,,,,,,,
,,region sequence-specific DNA binding,,,,,,,,,,,,,,,,,,,,,,
,,protein binding;serine-type endopeptidase,,,,,,,,,,,,,,,,,,,,,,
41 SPINT2,Kunitz-type protease inhibitor 2,,1.23,6.25,Epi,1,,,,,,,,,,,,,,,,,,
,,inhibitor activity,,,,,,,,,,,,,,,,,,,,,,
,Epithelial splicing regulatory,structural constituent of ribosome;nucleic acid,,,,,,,,,,,,,,,,,,,,,,
42 ESRP2,,,1.22,6.20,Epi,1,,,,,,,,,,,,,,,,,,
,protein 2,binding,,,,,,,,,,,,,,,,,,,,,,
,Phosphatidate,,,,,,,,,,,,,,,,,,,,,,,
43 CDS1,,nucleotidyltransferase activity,1.21,6.14,Epi,1,,,,,,,,,,,,,,,,,,
,cytidylyltransferase 1,,,,,,,,,,,,,,,,,,,,,,,
,Lipid phosphate,,,,,,,,,,,,,,,,,,,,,,,
44 PPAP2C,,pyrophosphatase activity,1.20,6.08,Epi,0,,,,,,,,,,,,,,,,,,
,phosphohydrolase 2,,,,,,,,,,,,,,,,,,,,,,,
,Carcinoembryonic antigen-,,,,,,,,,,,,,,,,,,,,,,,
45 CEACAM7,,---,1.19,6.05,Epi,0,,,,,,,,,,,,,,,,,,
,related cell adhesion molecule 7,,,,,,,,,,,,,,,,,,,,,,,
,Tetratricopeptide repeat protein,,,,,,,,,,,,,,,,,,,,,,,
46 TTC39A,,---,1.19,6.02,Epi,1,,,,,,,,,,,,,,,,,,
,39A,,,,,,,,,,,,,,,,,,,,,,,
,,transcription factor activity;transcription factor,,,,,,,,,,,,,,,,,,,,,,
47 OVOL2,Transcription factor Ovo-like 2,,1.17,5.90,Epi,1,,,,,,,,,,,,,,,,,,
,,activity,,,,,,,,,,,,,,,,,,,,,,
,,transcription factor activity;receptor,,,,,,,,,,,,,,,,,,,,,,
48 EHF,ETS homologous factor,,1.16,5.88,Epi,1,,,,,,,,,,,,,,,,,,
,,binding;transcription factor activity,,,,,,,,,,,,,,,,,,,,,,
49 AP1M2,AP-1 complex subunit mu-2,---,1.15,5.83,Epi,1,,,,,,,,,,,,,,,,,,
,Carcinoembryonic antigen-,,,,,,,,,,,,,,,,,,,,,,,
50 CEACAM5,related cell adhesion molecule 5,---,1.14,5.75,Epi,0,,,,,,,,,,,,,,,,,,
51 LAD1,Ladinin-1,structural molecule activity,1.13,5.70,Epi,1,,,,,,,,,,,,,,,,,,
52 ARHGAP8,Rho GTPase-activating protein 8,protein binding;small GTPase regulator activity,1.12,5.63,Epi,1,,,,,,,,,,,,,,,,,,
53 TFF3,trefoil factor 3 (intestinal),molecular_function,1.09,5.49,Epi,0,,,,,,,,,,,,,,,,,,
54 JUP,junction plakoglobin,transcription coactivator activity,1.09,5.47,Epi,1,,,,,,,,,,,,,,,,,,
55 CD24,CD24 Molecular,signal transducer activity,1.08,5.45,Epi,0,,,,,,,,,,,,,,,,,,
,Transmembrane channel-like,,,,,,,,,,,,,,,,,,,,,,,
56 TMC5,,ion channel activity,1.07,5.39,Epi,0,,,,,,,,,,,,,,,,,,
,protein 5,,,,,,,,,,,,,,,,,,,,,,,
,,motor activity;structural constituent of,,,,,,,,,,,,,,,,,,,,,,
57 MLPH,Melanophilin,cytoskeleton;actin binding;small GTPase,1.07,5.38,Epi,0,,,,,,,,,,,,,,,,,,
,,regulator activity,,,,,,,,,,,,,,,,,,,,,,
58 ELMO3,engulfment and cell motility 3,binding,1.06,5.33,Epi,1,,,,,,,,,,,,,,,,,,
,,non-membrane spanning protein tyrosine kinase,,,,,,,,,,,,,,,,,,,,,,
,,activity;transmembrane receptor protein kinase,,,,,,,,,,,,,,,,,,,,,,
59 ERBB2,Receptor tyrosine-protein kinase,activity;transmembrane receptor protein tyrosine,1.03,5.16,Epi,1,,,,,,,,,,,,,,,,,,
,erbB-2,kinase activity;transmembrane receptor protein,,,,,,,,,,,,,,,,,,,,,,
,,kinase activity;growth factor activity,,,,,,,,,,,,,,,,,,,,,,
,Lethal(2) giant larvae protein,,,,,,,,,,,,,,,,,,,,,,,
60 LLGL2,,---,1.02,5.11,Epi,1,,,,,,,,,,,,,,,,,,
,homolog 2,,,,,,,,,,,,,,,,,,,,,,,
,,non-membrane spanning protein tyrosine kinase,,,,,,,,,,,,,,,,,,,,,,
,,activity;transmembrane receptor protein kinase,,,,,,,,,,,,,,,,,,,,,,
,Epithelial discoidin domain-,,,,,,,,,,,,,,,,,,,,,,,
61 DDR1,,activity;transmembrane receptor protein tyrosine,1.02,5.10,Epi,1,,,,,,,,,,,,,,,,,,
,containing receptor 1,kinase activity;transmembrane receptor protein,,,,,,,,,,,,,,,,,,,,,,
,,kinase activity;growth factor activity,,,,,,,,,,,,,,,,,,,,,,
62 FA2H,Fatty acid 2-hydroxylase,oxidoreductase activity,1.02,5.06,Epi,1,,,,,,,,,,,,,,,,,,
,Signal transduction protein CBL-,,,,,,,,,,,,,,,,,,,,,,,
63 CBLC,,ligase activity,1.00,4.95,Epi,1,,,,,,,,,,,,,,,,,,
,C,,,,,,,,,,,,,,,,,,,,,,,
,,serine-type peptidase activity;receptor,,,,,,,,,,,,,,,,,,,,,,
,Transmembrane protease serine,activity;calcium ion binding;hormone,,,,,,,,,,,,,,,,,,,,,,
64 TMPRSS2,2,activity;calmodulin binding;calcium-dependent,1.00,4.95,Epi,1,,,,,,,,,,,,,,,,,,
,,phospholipid binding;peptidase inhibitor activity,,,,,,,,,,,,,,,,,,,,,,
,Lipolysis-stimulated lipoprotein,,,,,,,,,,,,,,,,,,,,,,,
65 LSR,,---,0.99,4.93,Epi,1,,,,,,,,,,,,,,,,,,
,receptor,,,,,,,,,,,,,,,,,,,,,,,
,p53 apoptosis effector related to,,,,,,,,,,,,,,,,,,,,,,,
66 PERP,,---,0.98,4.86,Epi,1,,,,,,,,,,,,,,,,,,
,PMP-22,,,,,,,,,,,,,,,,,,,,,,,
67 POF1B,Protein POF1B,---,0.97,4.81,Epi,1,,,,,,,,,,,,,,,,,,
,,motor activity;structural constituent of,,,,,,,,,,,,,,,,,,,,,,
68 MYO5C,Unconventional myosin-Vc,cytoskeleton;protein binding;small GTPase,0.97,4.80,Epi,1,,,,,,,,,,,,,,,,,,
,,regulator activity,,,,,,,,,,,,,,,,,,,,,,
69 RAB11FIP1,Rab11 family-interacting protein 1 ---,,0.96,4.76,Epi,1,,,,,,,,,,,,,,,,,,
,,,,,,,,,,,,,,,,,,,,,,,,
,Mitogen-activated protein kinase,,,,,,,,,,,,,,,,,,,,,,,
70 MAPK13,,protein kinase activity,0.96,4.75,Epi,1,,,,,,,,,,,,,,,,,,
,13,,,,,,,,,,,,,,,,,,,,,,,
71 KRT7,"Keratin, type II cytoskeletal 7",structural constituent of cytoskeleton,0.96,4.74,Epi,1,,,,,,,,,,,,,,,,,,
,Carcinoembryonic antigen-,,,,,,,,,,,,,,,,,,,,,,,
72 CEACAM1,,---,0.95,4.69,Epi,1,,,,,,,,,,,,,,,,,,
,related cell adhesion molecule 1,,,,,,,,,,,,,,,,,,,,,,,
,Coxsackievirus and adenovirus,,,,,,,,,,,,,,,,,,,,,,,
73 CXADR,,receptor activity,0.95,4.68,Epi,0,,,,,,,,,,,,,,,,,,
,receptor,,,,,,,,,,,,,,,,,,,,,,,
,Calcium-transporting ATPase,hydrolase activity;cation transmembrane,,,,,,,,,,,,,,,,,,,,,,
74 ATP2C2,,,0.94,4.65,Epi,1,,,,,,,,,,,,,,,,,,
,type 2C member 2,transporter activity;ion channel activity,,,,,,,,,,,,,,,,,,,,,,
,E3 ubiquitin-protein ligase,,,,,,,,,,,,,,,,,,,,,,,
75 RNF128,,ubiquitin-protein ligase activity,0.94,4.64,Epi,0,,,,,,,,,,,,,,,,,,
,RNF128,,,,,,,,,,,,,,,,,,,,,,,
,,voltage-gated sodium channel activity;voltage-,,,,,,,,,,,,,,,,,,,,,,
76 MPZL2,Myelin protein zero-like protein 2,gated sodium channel activity;cation channel,0.94,4.61,Epi,1,,,,,,,,,,,,,,,,,,
,,activity,,,,,,,,,,,,,,,,,,,,,,
,Epidermal growth factor receptor,,,,,,,,,,,,,,,,,,,,,,,
77 EPS8L1,kinase substrate 8-like protein 1,---,0.93,4.58,Epi,1,,,,,,,,,,,,,,,,,,
,N-,,,,,,,,,,,,,,,,,,,,,,,
78 GALNT7,acetylgalactosaminyltransferase,"transferase activity, transferring glycosyl groups",0.91,4.45,Epi,0,,,,,,,,,,,,,,,,,,
,7,,,,,,,,,,,,,,,,,,,,,,,
,,structural constituent of cytoskeleton;actin,,,,,,,,,,,,,,,,,,,,,,
79 CORO2A,Coronin-2A,,0.90,4.43,Epi,0,,,,,,,,,,,,,,,,,,
,,binding,,,,,,,,,,,,,,,,,,,,,,
,Breast carcinoma-amplified,,,,,,,,,,,,,,,,,,,,,,,
80 BCAS1,,---,0.90,4.41,Epi,0,,,,,,,,,,,,,,,,,,
,sequence 1,,,,,,,,,,,,,,,,,,,,,,,
81 TPD52,Tumour protein D52,---,0.89,4.36,Epi,0,,,,,,,,,,,,,,,,,,
,Rho GTPase-activating protein,,,,,,,,,,,,,,,,,,,,,,,
82 ARHGAP32,,protein binding;small GTPase regulator activity,0.87,4.26,Epi,0,,,,,,,,,,,,,,,,,,
,32,,,,,,,,,,,,,,,,,,,,,,,
,Galactoside 2-alpha-L-,,,,,,,,,,,,,,,,,,,,,,,
83 FUT2,,"transferase activity, transferring glycosyl groups",0.87,4.25,Epi,0,,,,,,,,,,,,,,,,,,
,fucosyltransferase 2,,,,,,,,,,,,,,,,,,,,,,,
,"olfactory receptor, family 7,",,,,,,,,,,,,,,,,,,,,,,,
84 OR7E14P,"subfamily E, member 14",---,0.87,4.22,Epi,1,,,,,,,,,,,,,,,,,,
,pseudogene,,,,,,,,,,,,,,,,,,,,,,,
,,oxidoreductase activity;hydro-lyase,,,,,,,,,,,,,,,,,,,,,,
85 GALE,UDP-glucose 4-epimerase,,0.86,4.16,Epi,0,,,,,,,,,,,,,,,,,,
,,activity;racemase and epimerase activity,,,,,,,,,,,,,,,,,,,,,,
,Grainyhead-like protein 2,transcription factor activity;transcription factor,,,,,,,,,,,,,,,,,,,,,,
86 GRHL2,,,0.85,4.14,Epi,1,,,,,,,,,,,,,,,,,,
,homolog,activity,,,,,,,,,,,,,,,,,,,,,,
87 BIK,Bcl-2-interacting killer,---,0.85,4.10,Epi,1,,,,,,,,,,,,,,,,,,
,Rap guanine nucleotide,protein binding;small GTPase regulator,,,,,,,,,,,,,,,,,,,,,,
88 RAPGEFL1,exchange factor-like 1,activity;guanyl-nucleotide exchange factor activity,0.84,4.07,Epi,0,,,,,,,,,,,,,,,,,,
,,non-membrane spanning protein tyrosine kinase,,,,,,,,,,,,,,,,,,,,,,
,,activity;transmembrane receptor protein kinase,,,,,,,,,,,,,,,,,,,,,,
89 STYK1,Tyrosine-protein kinase STYK1,activity;transmembrane receptor protein tyrosine,0.84,4.05,Epi,0,,,,,,,,,,,,,,,,,,
,,kinase activity;transmembrane receptor protein,,,,,,,,,,,,,,,,,,,,,,
,,kinase activity,,,,,,,,,,,,,,,,,,,,,,
90 F11R,Junctional adhesion molecule A,receptor activity,0.84,4.04,Epi,1,,,,,,,,,,,,,,,,,,
,,structural constituent of cytoskeleton;intermediate,,,,,,,,,,,,,,,,,,,,,,
91 PKP3,Plakophilin-3,,0.83,4.03,Epi,1,,,,,,,,,,,,,,,,,,
,,filament binding,,,,,,,,,,,,,,,,,,,,,,
92 CYB561,Cytochrome b561,oxidoreductase activity,0.83,4.03,Epi,1,,,,,,,,,,,,,,,,,,
,SH3 domain-containing YSC84-,structural constituent of cytoskeleton;actin,,,,,,,,,,,,,,,,,,,,,,
93 SH3YL1,like protein 1,binding,0.82,3.95,Epi,1,,,,,,,,,,,,,,,,,,
94 GDF15,Growth/differentiation factor 15,growth factor activity,0.81,3.93,Epi,0,,,,,,,,,,,,,,,,,,
95 PSCA,prostate stem cell antigen,---,0.81,3.92,Epi,0,,,,,,,,,,,,,,,,,,
96 EZR,Ezrin,structural constituent of cytoskeleton,0.81,3.88,Epi,0,,,,,,,,,,,,,,,,,,
97 TJP2,Tight junction protein ZO-2,---,0.80,3.87,Epi,1,,,,,,,,,,,,,,,,,,
,,non-membrane spanning protein tyrosine kinase,,,,,,,,,,,,,,,,,,,,,,
,,activity;transmembrane receptor protein kinase,,,,,,,,,,,,,,,,,,,,,,
98 FGFR3,Fibroblast growth factor receptor,activity;transmembrane receptor protein tyrosine,0.80,3.86,Epi,0,,,,,,,,,,,,,,,,,,
,3,kinase activity;transmembrane receptor protein,,,,,,,,,,,,,,,,,,,,,,
,,kinase activity;growth factor activity,,,,,,,,,,,,,,,,,,,,,,
,Galactoside 3(4)-L-,,,,,,,,,,,,,,,,,,,,,,,
99 FUT3,,"transferase activity, transferring glycosyl groups",0.80,3.85,Epi,0,,,,,,,,,,,,,,,,,,
,fucosyltransferase,,,,,,,,,,,,,,,,,,,,,,,
,,ubiquitin-protein ligase activity;transcription factor,,,,,,,,,,,,,,,,,,,,,,
,B box and SPRY domain-,,,,,,,,,,,,,,,,,,,,,,,
100 BSPRY,,activity;RNA binding;transcription factor,0.80,3.84,Epi,1,,,,,,,,,,,,,,,,,,
,containing protein,,,,,,,,,,,,,,,,,,,,,,,
,,activity;transcription cofactor activity,,,,,,,,,,,,,,,,,,,,,,
,,structural constituent of,,,,,,,,,,,,,,,,,,,,,,
,,cytoskeleton;transmembrane transporter,,,,,,,,,,,,,,,,,,,,,,
101 TOM1L1,TOM1-like protein 1,,0.80,3.82,Epi,0,,,,,,,,,,,,,,,,,,
,,activity;protein binding;kinase activator,,,,,,,,,,,,,,,,,,,,,,
,,activity;kinase regulator activity,,,,,,,,,,,,,,,,,,,,,,
,,transcription factor activity;transcription factor,,,,,,,,,,,,,,,,,,,,,,
102 IRF6,Interferon regulatory factor 6,,0.78,3.74,Epi,1,,,,,,,,,,,,,,,,,,
,,activity,,,,,,,,,,,,,,,,,,,,,,
103 EPB41L4B,Band 4.1-like protein 4B,---,0.78,3.74,Epi,0,,,,,,,,,,,,,,,,,,
,SAM pointed domain-containing,transcription factor activity;receptor,,,,,,,,,,,,,,,,,,,,,,
104 SPDEF,,,0.78,3.72,Epi,0,,,,,,,,,,,,,,,,,,
,Ets transcription factor,binding;transcription factor activity,,,,,,,,,,,,,,,,,,,,,,
,,,,,,,,,,,,,,,,,,,,,,,,
,,transcription factor activity;transcription factor,,,,,,,,,,,,,,,,,,,,,,
105 OCLN,Occludin,,0.77,3.70,Epi,1,,,,,,,,,,,,,,,,,,
,,activity;transcription cofactor activity,,,,,,,,,,,,,,,,,,,,,,
,Leucine-rich repeat-containing,adenylate cyclase activity;receptor activity;growth,,,,,,,,,,,,,,,,,,,,,,
106 LRRC1,protein 1,factor activity;kinase regulator activity,0.77,3.65,Epi,0,,,,,,,,,,,,,,,,,,
,Uncharacterized protein,,,,,,,,,,,,,,,,,,,,,,,
107 C19orf21,,---,0.76,3.64,Epi,1,,,,,,,,,,,,,,,,,,
,C19orf21,,,,,,,,,,,,,,,,,,,,,,,
,Abhydrolase domain-containing,,,,,,,,,,,,,,,,,,,,,,,
108 ABHD11,,serine-type peptidase activity,0.75,3.57,Epi,0,,,,,,,,,,,,,,,,,,
,protein 11,,,,,,,,,,,,,,,,,,,,,,,
,Epidermal growth factor receptor,,,,,,,,,,,,,,,,,,,,,,,
109 EPS8L2,kinase substrate 8-like protein 2,---,0.75,3.55,Epi,1,,,,,,,,,,,,,,,,,,
,,motor activity;structural constituent of,,,,,,,,,,,,,,,,,,,,,,
110 MYO6,Unconventional myosin-VI,cytoskeleton;protein binding;small GTPase,0.75,3.55,Epi,1,,,,,,,,,,,,,,,,,,
,,regulator activity,,,,,,,,,,,,,,,,,,,,,,
111 TSPAN8,Tetraspanin-8,receptor activity;receptor binding,0.74,3.53,Epi,0,,,,,,,,,,,,,,,,,,
,,non-membrane spanning protein tyrosine kinase,,,,,,,,,,,,,,,,,,,,,,
,,activity;transmembrane receptor protein kinase,,,,,,,,,,,,,,,,,,,,,,
112 MST1R,Macrophage-stimulating protein,activity;transmembrane receptor protein tyrosine,0.74,3.50,Epi,1,,,,,,,,,,,,,,,,,,
,receptor,kinase activity;transmembrane receptor protein,,,,,,,,,,,,,,,,,,,,,,
,,kinase activity;growth factor activity,,,,,,,,,,,,,,,,,,,,,,
113 SLC16A5,Monocarboxylate transporter 6,transmembrane transporter activity,0.74,3.50,Epi,0,,,,,,,,,,,,,,,,,,
114 GPR56,G-protein coupled receptor 56,G-protein coupled receptor activity,0.73,3.47,Epi,1,,,,,,,,,,,,,,,,,,
115 AZGP1,Zinc-alpha-2-glycoprotein,receptor activity,0.73,3.47,Epi,0,,,,,,,,,,,,,,,,,,
116 TOB1,Protein Tob1,---,0.73,3.43,Epi,1,,,,,,,,,,,,,,,,,,
,UDP-N-acetylglucosamine,,,,,,,,,,,,,,,,,,,,,,,
117 SLC35A3,,transmembrane transporter activity,0.72,3.42,Epi,0,,,,,,,,,,,,,,,,,,
,transporter,,,,,,,,,,,,,,,,,,,,,,,
,Transient receptor potential,,,,,,,,,,,,,,,,,,,,,,,
118 TRPM4,cation channel subfamily M,receptor activity;ion channel activity,0.72,3.42,Epi,0,,,,,,,,,,,,,,,,,,
,member 4,,,,,,,,,,,,,,,,,,,,,,,
,Pleckstrin homology-like domain,,,,,,,,,,,,,,,,,,,,,,,
119 PHLDA2,,---,0.72,3.42,Epi,0,,,,,,,,,,,,,,,,,,
,family A member 2,,,,,,,,,,,,,,,,,,,,,,,
,Vesicle-associated membrane,,,,,,,,,,,,,,,,,,,,,,,
120 VAMP8,,SNAP receptor activity,0.72,3.42,Epi,1,,,,,,,,,,,,,,,,,,
,protein 8,,,,,,,,,,,,,,,,,,,,,,,
,Solute carrier family 22 member,,,,,,,,,,,,,,,,,,,,,,,
121 SLC22A18,,transmembrane transporter activity,0.72,3.42,Epi,0,,,,,,,,,,,,,,,,,,
,18,,,,,,,,,,,,,,,,,,,,,,,
,Aldo-keto reductase family 1,,,,,,,,,,,,,,,,,,,,,,,
122 AKR1B10,,oxidoreductase activity;transporter activity,0.72,3.40,Epi,0,,,,,,,,,,,,,,,,,,
,member B10,,,,,,,,,,,,,,,,,,,,,,,
,Guanine nucleotide exchange,receptor binding;small GTPase regulator,,,,,,,,,,,,,,,,,,,,,,
123 VAV3,factor VAV3,activity;guanyl-nucleotide exchange factor activity,0.72,3.38,Epi,0,,,,,,,,,,,,,,,,,,
124 SPAG1,Sperm-associated antigen 1,---,0.72,3.38,Epi,0,,,,,,,,,,,,,,,,,,
,"ATP-binding cassette, sub-family",,,,,,,,,,,,,,,,,,,,,,,
125 ABCC3,,nucleotide binding,0.72,3.37,Epi,1,,,,,,,,,,,,,,,,,,
,"C (CFTR/MRP), member",,,,,,,,,,,,,,,,,,,,,,,
126 SYNGR2,Synaptogyrin-2,---,0.72,3.37,Epi,1,,,,,,,,,,,,,,,,,,
,,transmembrane receptor protein kinase,,,,,,,,,,,,,,,,,,,,,,
127 STAP2,Signal-transducing adaptor,activity;transmembrane receptor protein kinase,0.70,3.28,Epi,1,,,,,,,,,,,,,,,,,,
,protein 2,,,,,,,,,,,,,,,,,,,,,,,
,,activity,,,,,,,,,,,,,,,,,,,,,,
128 C4orf19,Uncharacterized protein C4orf19,---,0.70,3.28,Epi,1,,,,,,,,,,,,,,,,,,
,,structural constituent of cytoskeleton;intermediate,,,,,,,,,,,,,,,,,,,,,,
129 PPL,Periplakin,,0.70,3.27,Epi,1,,,,,,,,,,,,,,,,,,
,,filament binding,,,,,,,,,,,,,,,,,,,,,,
130 PLLP,Plasmolipin,structural constituent of myelin sheath,0.70,3.26,Epi,0,,,,,,,,,,,,,,,,,,
131 DSG2,Desmoglein-2,calcium ion binding,0.70,3.26,Epi,0,,,,,,,,,,,,,,,,,,
,Haloacid dehalogenase-like,,,,,,,,,,,,,,,,,,,,,,,
132 HDHD3,hydrolase domain-containing,hydrolase activity,0.69,3.25,Epi,0,,,,,,,,,,,,,,,,,,
,protein 3,,,,,,,,,,,,,,,,,,,,,,,
133 CD2AP,CD2-associated protein,receptor binding,0.69,3.25,Epi,0,,,,,,,,,,,,,,,,,,
,MANSC domain-containing,,,,,,,,,,,,,,,,,,,,,,,
134 MANSC1,,---,0.69,3.24,Epi,1,,,,,,,,,,,,,,,,,,
,protein 1,,,,,,,,,,,,,,,,,,,,,,,
135 DHCR24,Delta(24)-sterol reductase,oxidoreductase activity,0.69,3.24,Epi,0,,,,,,,,,,,,,,,,,,
136 EPN3,Epsin-3,---,0.69,3.23,Epi,1,,,,,,,,,,,,,,,,,,
137 TUFT1,Tuftelin,---,0.69,3.22,Epi,0,,,,,,,,,,,,,,,,,,
,,oxidoreductase activity;hydro-lyase,,,,,,,,,,,,,,,,,,,,,,
138 GMDS,"GDP-mannose 4,6 dehydratase",,0.69,3.22,Epi,0,,,,,,,,,,,,,,,,,,
,,activity;racemase and epimerase activity,,,,,,,,,,,,,,,,,,,,,,
139 EXPH5,Exophilin-5,---,0.68,3.18,Epi,1,,,,,,,,,,,,,,,,,,
140 DSP,Dentin phosphoprotein,---,0.68,3.17,Epi,1,,,,,,,,,,,,,,,,,,
,,structural constituent of cytoskeleton;receptor,,,,,,,,,,,,,,,,,,,,,,
141 SDC4,Syndecan-4,,0.68,3.17,Epi,0,,,,,,,,,,,,,,,,,,
,,binding,,,,,,,,,,,,,,,,,,,,,,
,Interleukin-20 receptor subunit,,,,,,,,,,,,,,,,,,,,,,,
142 IL20RA,,interferon receptor activity,0.67,3.13,Epi,1,,,,,,,,,,,,,,,,,,
,alpha,,,,,,,,,,,,,,,,,,,,,,,
,,,,,,,,,,,,,,,,,,,,,,,,
,family with sequence similarity,,,,,,,,,,,,,,,,,,,,,,,
143 FAM174B,,---,0.67,3.13,Epi,0,,,,,,,,,,,,,,,,,,
,"174, member B",,,,,,,,,,,,,,,,,,,,,,,
,,phosphoprotein phosphatase,,,,,,,,,,,,,,,,,,,,,,
,Receptor-type tyrosine-protein,,,,,,,,,,,,,,,,,,,,,,,
144 PTPRF,,activity;phosphoprotein phosphatase,0.67,3.11,Epi,0,,,,,,,,,,,,,,,,,,
,phosphatase F,activity;receptor activity,,,,,,,,,,,,,,,,,,,,,,
145 SORD,Sorbitol dehydrogenase,oxidoreductase activity,0.67,3.10,Epi,0,,,,,,,,,,,,,,,,,,
146 GAS1,Growth arrest-specific protein 1,---,1.62,8.43,Mes,0,,,,,,,,,,,,,,,,,,
147 CXCL12,SDF-1-alpha(3-67),---,1.38,7.13,Mes,0,,,,,,,,,,,,,,,,,,
,Zinc finger E-box-binding,,,,,,,,,,,,,,,,,,,,,,,
148 ZEB1,homeobox 1,---,1.28,6.56,Mes,1,,,,,,,,,,,,,,,,,,
149 GLYR1,Putative oxidoreductase GLYR1,oxidoreductase activity,1.21,6.18,Mes,1,,,,,,,,,,,,,,,,,,
,,structural constituent of cytoskeleton;transcription,,,,,,,,,,,,,,,,,,,,,,
150 FHL1,Four and a half LIM domains,factor activity;RNA binding;transcription factor,1.21,6.15,Mes,1,,,,,,,,,,,,,,,,,,
,protein 1,,,,,,,,,,,,,,,,,,,,,,,
,,activity,,,,,,,,,,,,,,,,,,,,,,
151 FERMT2,Fermitin family homolog 2,---,1.19,6.06,Mes,1,,,,,,,,,,,,,,,,,,
,,oxidoreductase activity;serine-type peptidase,,,,,,,,,,,,,,,,,,,,,,
152 C1S,Complement C1s subcomponent,activity;calcium ion binding;calmodulin,1.15,5.84,Mes,0,,,,,,,,,,,,,,,,,,
,,binding;calcium-dependent phospholipid binding,,,,,,,,,,,,,,,,,,,,,,
,,non-membrane spanning protein tyrosine kinase,,,,,,,,,,,,,,,,,,,,,,
,,activity;transmembrane receptor protein kinase,,,,,,,,,,,,,,,,,,,,,,
153 FYN,Tyrosine-protein kinase Fyn,activity;transmembrane receptor protein tyrosine,1.15,5.84,Mes,0,,,,,,,,,,,,,,,,,,
,,kinase activity;transmembrane receptor protein,,,,,,,,,,,,,,,,,,,,,,
,,kinase activity,,,,,,,,,,,,,,,,,,,,,,
,WAS/WASL-interacting protein,,,,,,,,,,,,,,,,,,,,,,,
154 WIPF1,,---,1.15,5.80,Mes,0,,,,,,,,,,,,,,,,,,
,family member 1,,,,,,,,,,,,,,,,,,,,,,,
,"Cytochrome P450, family 1,",,,,,,,,,,,,,,,,,,,,,,,
155 CYP1B1,"subfamily B, polypeptide 1,",oxidoreductase activity,1.12,5.65,Mes,0,,,,,,,,,,,,,,,,,,
,isoform CRA_a,,,,,,,,,,,,,,,,,,,,,,,
,,protein binding;serine-type endopeptidase,,,,,,,,,,,,,,,,,,,,,,
156 SERPING1,Plasma protease C1 inhibitor,,1.12,5.63,Mes,0,,,,,,,,,,,,,,,,,,
,,inhibitor activity,,,,,,,,,,,,,,,,,,,,,,
,,protein binding;serine-type endopeptidase,,,,,,,,,,,,,,,,,,,,,,
157 SERPINF1,Pigment epithelium-derived factor,,1.09,5.48,Mes,0,,,,,,,,,,,,,,,,,,
,,inhibitor activity,,,,,,,,,,,,,,,,,,,,,,
,,phosphoprotein phosphatase,,,,,,,,,,,,,,,,,,,,,,
158 VCAM1,Vascular cell adhesion protein 1,activity;phosphoprotein phosphatase,1.08,5.40,Mes,0,,,,,,,,,,,,,,,,,,
,,activity;receptor activity,,,,,,,,,,,,,,,,,,,,,,
,,structural constituent of cytoskeleton;microtubule,,,,,,,,,,,,,,,,,,,,,,
159 MAP1B,MAP1 light chain LC1,,1.07,5.39,Mes,1,,,,,,,,,,,,,,,,,,
,,binding,,,,,,,,,,,,,,,,,,,,,,
,,transcription factor activity;transcription factor,,,,,,,,,,,,,,,,,,,,,,
160 TCF4,Transcription factor 4,,1.06,5.33,Mes,0,,,,,,,,,,,,,,,,,,
,,activity,,,,,,,,,,,,,,,,,,,,,,
,Sushi repeat-containing protein,serine-type peptidase activity;metallopeptidase,,,,,,,,,,,,,,,,,,,,,,
161 SRPX,SRPX,activity;receptor activity;lipid transporter activity,1.06,5.31,Mes,1,,,,,,,,,,,,,,,,,,
162 EMP3,Epithelial membrane protein 3,structural constituent of cytoskeleton,1.06,5.29,Mes,1,,,,,,,,,,,,,,,,,,
163 DPT,Dermatopontin,---,1.05,5.24,Mes,0,,,,,,,,,,,,,,,,,,
,,structural constituent of cytoskeleton;actin,,,,,,,,,,,,,,,,,,,,,,
164 CALD1,Caldesmon,binding,1.04,5.21,Mes,1,,,,,,,,,,,,,,,,,,
165 PTGIS,Prostacyclin synthase,oxidoreductase activity;isomerase activity,1.02,5.11,Mes,0,,,,,,,,,,,,,,,,,,
166 VIM,Vimentin,structural constituent of cytoskeleton,1.01,5.04,Mes,1,,,,,,,,,,,,,,,,,,
,Scavenger receptor cysteine-rich,oxidoreductase activity;serine-type peptidase,,,,,,,,,,,,,,,,,,,,,,
167 CD163,type 1 protein M130,activity;receptor activity,1.01,5.04,Mes,0,,,,,,,,,,,,,,,,,,
,,oxidoreductase activity;serine-type peptidase,,,,,,,,,,,,,,,,,,,,,,
,Complement C1r subcomponent,,,,,,,,,,,,,,,,,,,,,,,
168 C1R,,activity;calcium ion binding;calmodulin,1.01,5.02,Mes,0,,,,,,,,,,,,,,,,,,
,heavy chain,binding;calcium-dependent phospholipid binding,,,,,,,,,,,,,,,,,,,,,,
,,receptor activity;extracellular matrix structural,,,,,,,,,,,,,,,,,,,,,,
169 FBN1,Fibrillin-1,constituent;calcium ion binding;receptor,1.01,5.02,Mes,0,,,,,,,,,,,,,,,,,,
,,binding;calcium-dependent phospholipid binding,,,,,,,,,,,,,,,,,,,,,,
,,hydrolase activity;deaminase activity;receptor,,,,,,,,,,,,,,,,,,,,,,
170 FN1,Anastellin,binding;kinase regulator activity,1.00,4.94,Mes,0,,,,,,,,,,,,,,,,,,
,FXYD domain-containing ion,,,,,,,,,,,,,,,,,,,,,,,
171 FXYD6,,ion channel activity;protein binding,0.98,4.86,Mes,0,,,,,,,,,,,,,,,,,,
,transport regulator 6,,,,,,,,,,,,,,,,,,,,,,,
,,,,,,,,,,,,,,,,,,,,,,,,
172 IGF1,Insulin-like growth factor I,hormone activity;growth factor activity,0.97,4.82,Mes,0,,,,,,,,,,,,,,,,,,
,Nucleosome assembly protein 1-,protein binding;phosphatase inhibitor,,,,,,,,,,,,,,,,,,,,,,
173 NAP1L3,,,0.97,4.81,Mes,0,,,,,,,,,,,,,,,,,,
,like 3,activity;phosphatase regulator activity,,,,,,,,,,,,,,,,,,,,,,
174 MRC1,Macrophage mannose receptor 1,receptor activity,0.96,4.74,Mes,0,,,,,,,,,,,,,,,,,,
,,"RNA splicing factor activity, transesterification",,,,,,,,,,,,,,,,,,,,,,
,,mechanism;transcription factor activity;mRNA,,,,,,,,,,,,,,,,,,,,,,
175 QKI,Protein quaking,binding;transcription factor activity;transcription,0.95,4.67,Mes,0,,,,,,,,,,,,,,,,,,
,,cofactor activity,,,,,,,,,,,,,,,,,,,,,,
,Membrane-spanning 4-domains,,,,,,,,,,,,,,,,,,,,,,,
176 MS4A4A,,receptor activity,0.94,4.65,Mes,0,,,,,,,,,,,,,,,,,,
,subfamily A member 4A,,,,,,,,,,,,,,,,,,,,,,,
177 DCN,Decorin,receptor activity,0.94,4.64,Mes,0,,,,,,,,,,,,,,,,,,
,,oxidoreductase activity;serine-type peptidase,,,,,,,,,,,,,,,,,,,,,,
178 LOX,Protein-lysine 6-oxidase,,0.92,4.53,Mes,0,,,,,,,,,,,,,,,,,,
,,activity;receptor activity,,,,,,,,,,,,,,,,,,,,,,
,Reversion-inducing cysteine-rich,protein binding;serine-type endopeptidase,,,,,,,,,,,,,,,,,,,,,,
179 RECK,protein with Kazal motifs,inhibitor activity,0.92,4.53,Mes,1,,,,,,,,,,,,,,,,,,
180 ANK2,Ankyrin-2,structural constituent of cytoskeleton,0.92,4.53,Mes,1,,,,,,,,,,,,,,,,,,
181 LY96,Lymphocyte antigen 96,---,0.92,4.50,Mes,0,,,,,,,,,,,,,,,,,,
,,transcription factor activity;transcription factor,,,,,,,,,,,,,,,,,,,,,,
182 ZFPM2,Zinc finger protein ZFPM2,,0.91,4.46,Mes,0,,,,,,,,,,,,,,,,,,
,,activity,,,,,,,,,,,,,,,,,,,,,,
,Cysteine and glycine-rich protein,,,,,,,,,,,,,,,,,,,,,,,
183 CSRP2,,structural constituent of cytoskeleton,0.91,4.45,Mes,0,,,,,,,,,,,,,,,,,,
,2,,,,,,,,,,,,,,,,,,,,,,,
,,receptor activity;extracellular matrix structural,,,,,,,,,,,,,,,,,,,,,,
,EGF-containing fibulin-like,constituent;calcium ion binding;receptor,,,,,,,,,,,,,,,,,,,,,,
184 EFEMP1,extracellular matrix protein 1,binding;calmodulin binding;calcium-dependent,0.90,4.44,Mes,0,,,,,,,,,,,,,,,,,,
,,phospholipid binding,,,,,,,,,,,,,,,,,,,,,,
,Retinoic acid receptor responder,,,,,,,,,,,,,,,,,,,,,,,
185 RARRES2,,---,0.90,4.38,Mes,0,,,,,,,,,,,,,,,,,,
,protein 2,,,,,,,,,,,,,,,,,,,,,,,
,,phosphoprotein phosphatase,,,,,,,,,,,,,,,,,,,,,,
,Receptor-type tyrosine-protein,,,,,,,,,,,,,,,,,,,,,,,
186 PTPRC,,activity;phosphoprotein phosphatase,0.89,4.34,Mes,0,,,,,,,,,,,,,,,,,,
,phosphatase C,,,,,,,,,,,,,,,,,,,,,,,
,,activity;receptor activity,,,,,,,,,,,,,,,,,,,,,,
,Pleckstrin homology domain-,,,,,,,,,,,,,,,,,,,,,,,
187 PLEKHO1,containing family O member 1,---,0.89,4.33,Mes,0,,,,,,,,,,,,,,,,,,
188 RGS2,Regulator of G-protein signaling 2 protein binding;small GTPase regulator activity,,0.89,4.32,Mes,0,,,,,,,,,,,,,,,,,,
189 F13A1,Coagulation factor XIII A chain,acyltransferase activity,0.88,4.31,Mes,0,,,,,,,,,,,,,,,,,,
190 JAM2,Junctional adhesion molecule B,receptor activity,0.87,4.25,Mes,0,,,,,,,,,,,,,,,,,,
191 CHRDL1,Chordin-like protein 1,receptor binding,0.87,4.22,Mes,0,,,,,,,,,,,,,,,,,,
192 TUBA1A,Tubulin alpha-1A chain,structural constituent of cytoskeleton,0.87,4.21,Mes,1,,,,,,,,,,,,,,,,,,
193 AP1S2,AP-1 complex subunit sigma-2,---,0.86,4.19,Mes,1,,,,,,,,,,,,,,,,,,
,"Myosin light chain kinase,",,,,,,,,,,,,,,,,,,,,,,,
194 MYLK,,protein kinase activity,0.86,4.17,Mes,0,,,,,,,,,,,,,,,,,,
,smooth muscle,,,,,,,,,,,,,,,,,,,,,,,
,,non-membrane spanning protein tyrosine kinase,,,,,,,,,,,,,,,,,,,,,,
,,activity;transmembrane receptor protein kinase,,,,,,,,,,,,,,,,,,,,,,
,Discoidin domain-containing,,,,,,,,,,,,,,,,,,,,,,,
195 DDR2,,activity;transmembrane receptor protein tyrosine,0.86,4.17,Mes,0,,,,,,,,,,,,,,,,,,
,receptor 2,kinase activity;transmembrane receptor protein,,,,,,,,,,,,,,,,,,,,,,
,,kinase activity;growth factor activity,,,,,,,,,,,,,,,,,,,,,,
196 DSE,Dermatan-sulfate epimerase,---,0.86,4.17,Mes,0,,,,,,,,,,,,,,,,,,
197 SACS,Sacsin,---,0.86,4.17,Mes,1,,,,,,,,,,,,,,,,,,
,Glioma pathogenesis-related,,,,,,,,,,,,,,,,,,,,,,,
198 GLIPR1,,---,0.86,4.16,Mes,0,,,,,,,,,,,,,,,,,,
,protein 1,,,,,,,,,,,,,,,,,,,,,,,
199 CXCL13,C-X-C motif chemokine 13,chemokine activity,0.85,4.15,Mes,0,,,,,,,,,,,,,,,,,,
,Leucine-rich repeat,,,,,,,,,,,,,,,,,,,,,,,
200 FLRT2,,receptor activity,0.85,4.13,Mes,0,,,,,,,,,,,,,,,,,,
,transmembrane protein FLRT2,,,,,,,,,,,,,,,,,,,,,,,
201 PTX3,Pentraxin-related protein PTX3,---,0.85,4.12,Mes,0,,,,,,,,,,,,,,,,,,
,,protein kinase activity;calcium ion,,,,,,,,,,,,,,,,,,,,,,
202 AKT3,RAC-gamma serine/threonine-,binding;calmodulin binding;calcium-dependent,0.84,4.10,Mes,0,,,,,,,,,,,,,,,,,,
,protein kinase,phospholipid binding,,,,,,,,,,,,,,,,,,,,,,
,,receptor activity;extracellular matrix structural,,,,,,,,,,,,,,,,,,,,,,
203 COL6A2,Collagen alpha-2(VI) chain,,0.84,4.07,Mes,0,,,,,,,,,,,,,,,,,,
,,constituent;transmembrane transporter activity,,,,,,,,,,,,,,,,,,,,,,
,Dihydropyrimidinase-related,,,,,,,,,,,,,,,,,,,,,,,
204 DPYSL3,,hydrolase activity,0.84,4.06,Mes,0,,,,,,,,,,,,,,,,,,
,protein 3,,,,,,,,,,,,,,,,,,,,,,,
,,G-protein coupled receptor activity;calcium ion,,,,,,,,,,,,,,,,,,,,,,
205 CDH11,Cadherin-11,,0.83,4.04,Mes,0,,,,,,,,,,,,,,,,,,
,,binding,,,,,,,,,,,,,,,,,,,,,,
,E3 ubiquitin-protein ligase,,,,,,,,,,,,,,,,,,,,,,,
206 PDZRN3,,---,0.83,4.02,Mes,0,,,,,,,,,,,,,,,,,,
,PDZRN3,,,,,,,,,,,,,,,,,,,,,,,
,Zinc finger E-box-binding,,,,,,,,,,,,,,,,,,,,,,,
207 ZEB2,,---,0.83,4.01,Mes,0,,,,,,,,,,,,,,,,,,
,homeobox 2,,,,,,,,,,,,,,,,,,,,,,,
,,,,,,,,,,,,,,,,,,,,,,,,
208 CCL2,C-C motif chemokine 2,chemokine activity,0.83,4.01,Mes,0,,,,,,,,,,,,,,,,,,
,,transcription factor activity;transcription factor,,,,,,,,,,,,,,,,,,,,,,
209 MAFB,Transcription factor MafB,,0.83,3.99,Mes,0,,,,,,,,,,,,,,,,,,
,,activity,,,,,,,,,,,,,,,,,,,,,,
,Secreted frizzled-related protein,G-protein coupled receptor activity;receptor,,,,,,,,,,,,,,,,,,,,,,
210 SFRP1,,,0.82,3.98,Mes,0,,,,,,,,,,,,,,,,,,
,1,binding,,,,,,,,,,,,,,,,,,,,,,
,chromosome 14 open reading,,,,,,,,,,,,,,,,,,,,,,,
211 C14orf139,,---,0.82,3.97,Mes,0,,,,,,,,,,,,,,,,,,
,frame 139,,,,,,,,,,,,,,,,,,,,,,,
,Microfibril-associated,hydrolase activity;deaminase activity;receptor,,,,,,,,,,,,,,,,,,,,,,
212 MFAP4,glycoprotein 4,binding;kinase regulator activity,0.82,3.96,Mes,0,,,,,,,,,,,,,,,,,,
,,transcription factor activity;transcription factor,,,,,,,,,,,,,,,,,,,,,,
213 MAF,Transcription factor Maf,,0.82,3.95,Mes,0,,,,,,,,,,,,,,,,,,
,,activity,,,,,,,,,,,,,,,,,,,,,,
,Ubiquitin carboxyl-terminal,,,,,,,,,,,,,,,,,,,,,,,
214 UCHL1,,cysteine-type peptidase activity,0.82,3.94,Mes,0,,,,,,,,,,,,,,,,,,
,hydrolase isozyme L1,,,,,,,,,,,,,,,,,,,,,,,
215 TUBB6,Tubulin beta-6 chain,structural constituent of cytoskeleton,0.82,3.93,Mes,1,,,,,,,,,,,,,,,,,,
216 SRGN,Serglycin,---,0.81,3.91,Mes,0,,,,,,,,,,,,,,,,,,
217 HEG1,Protein HEG homolog 1,---,0.81,3.91,Mes,0,,,,,,,,,,,,,,,,,,
,,voltage-gated potassium channel activity;voltage-,,,,,,,,,,,,,,,,,,,,,,
218 KCNJ8,ATP-sensitive inward rectifier,gated potassium channel activity;cation channel,0.80,3.86,Mes,0,,,,,,,,,,,,,,,,,,
,potassium channel 8,,,,,,,,,,,,,,,,,,,,,,,
,,activity,,,,,,,,,,,,,,,,,,,,,,
219 AKAP12,A-kinase anchor protein 12,---,0.80,3.85,Mes,1,,,,,,,,,,,,,,,,,,
220 EVI2A,Protein EVI2A,receptor activity,0.80,3.84,Mes,0,,,,,,,,,,,,,,,,,,
,,receptor activity;extracellular matrix structural,,,,,,,,,,,,,,,,,,,,,,
221 COL14A1,Collagen alpha-1(XIV) chain,,0.80,3.84,Mes,0,,,,,,,,,,,,,,,,,,
,,constituent;transmembrane transporter activity,,,,,,,,,,,,,,,,,,,,,,
,,non-membrane spanning protein tyrosine kinase,,,,,,,,,,,,,,,,,,,,,,
,,activity;transmembrane receptor protein kinase,,,,,,,,,,,,,,,,,,,,,,
,Tyrosine-protein kinase receptor,,,,,,,,,,,,,,,,,,,,,,,
222 AXL,,activity;transmembrane receptor protein tyrosine,0.80,3.82,Mes,1,,,,,,,,,,,,,,,,,,
,UFO,kinase activity;transmembrane receptor protein,,,,,,,,,,,,,,,,,,,,,,
,,kinase activity;growth factor activity,,,,,,,,,,,,,,,,,,,,,,
223 ECM2,Extracellular matrix protein 2,receptor activity,0.79,3.81,Mes,0,,,,,,,,,,,,,,,,,,
224 FSTL1,Follistatin-related protein 1,protein binding,0.79,3.79,Mes,1,,,,,,,,,,,,,,,,,,
225 PLN,Cardiac phospholamban,---,0.79,3.77,Mes,0,,,,,,,,,,,,,,,,,,
,Myosin regulatory light,structural constituent of cytoskeleton;calcium ion,,,,,,,,,,,,,,,,,,,,,,
226 MYL9,polypeptide 9,binding;calmodulin binding,0.79,3.77,Mes,1,,,,,,,,,,,,,,,,,,
227 OLFML3,Olfactomedin-like protein 3,receptor activity;structural molecule activity,0.78,3.76,Mes,0,,,,,,,,,,,,,,,,,,
228 STON1,Stonin-1,---,0.78,3.75,Mes,0,,,,,,,,,,,,,,,,,,
229 SLIT2,Slit homolog 2 protein,receptor activity,0.78,3.75,Mes,0,,,,,,,,,,,,,,,,,,
230 BICC1,Protein bicaudal C homolog 1,lipid transporter activity;RNA binding,0.78,3.75,Mes,0,,,,,,,,,,,,,,,,,,
,Sine oculis-binding protein,,,,,,,,,,,,,,,,,,,,,,,
231 SOBP,,---,0.78,3.75,Mes,1,,,,,,,,,,,,,,,,,,
,homolog,,,,,,,,,,,,,,,,,,,,,,,
,,oxidoreductase activity;transferase,,,,,,,,,,,,,,,,,,,,,,
,,activity;racemase and epimerase,,,,,,,,,,,,,,,,,,,,,,
,Chloride intracellular channel,activity;structural constituent of,,,,,,,,,,,,,,,,,,,,,,
232 CLIC4,protein 4,cytoskeleton;anion channel activity;translation,0.78,3.74,Mes,0,,,,,,,,,,,,,,,,,,
,,"factor activity, nucleic acid binding;receptor",,,,,,,,,,,,,,,,,,,,,,
,,binding;translation elongation factor activity,,,,,,,,,,,,,,,,,,,,,,
,Ectonucleotide,,,,,,,,,,,,,,,,,,,,,,,
,,pyrophosphatase activity;nucleotide phosphatase,,,,,,,,,,,,,,,,,,,,,,
233 ENPP2,pyrophosphatase/phosphodiester,,0.78,3.73,Mes,0,,,,,,,,,,,,,,,,,,
,,activity;nucleotide phosphatase activity,,,,,,,,,,,,,,,,,,,,,,
,ase family member 2,,,,,,,,,,,,,,,,,,,,,,,
,SAM domain-containing protein,,,,,,,,,,,,,,,,,,,,,,,
234 SAMSN1,,---,0.78,3.72,Mes,0,,,,,,,,,,,,,,,,,,
,SAMSN-1,,,,,,,,,,,,,,,,,,,,,,,
,,motor activity;structural constituent of,,,,,,,,,,,,,,,,,,,,,,
235 TPM2,Tropomyosin beta chain,,0.77,3.70,Mes,1,,,,,,,,,,,,,,,,,,
,,cytoskeleton,,,,,,,,,,,,,,,,,,,,,,
236 ASPN,Asporin,receptor activity,0.77,3.70,Mes,0,,,,,,,,,,,,,,,,,,
,,receptor activity;extracellular matrix structural,,,,,,,,,,,,,,,,,,,,,,
237 COL6A1,Collagen alpha-1(VI) chain,,0.77,3.69,Mes,0,,,,,,,,,,,,,,,,,,
,,constituent;transmembrane transporter activity,,,,,,,,,,,,,,,,,,,,,,
,Insulin-like growth factor-binding,,,,,,,,,,,,,,,,,,,,,,,
238 IGFBP5,,---,0.77,3.68,Mes,0,,,,,,,,,,,,,,,,,,
,protein 5,,,,,,,,,,,,,,,,,,,,,,,
,DBH-like monooxygenase protein,,,,,,,,,,,,,,,,,,,,,,,
239 MOXD1,,oxidoreductase activity,0.77,3.68,Mes,0,,,,,,,,,,,,,,,,,,
,1,,,,,,,,,,,,,,,,,,,,,,,
240 AKAP2,A-kinase anchor protein 2,---,0.77,3.68,Mes,0,,,,,,,,,,,,,,,,,,
,"Solute carrier family 2, facilitated",carbohydrate transmembrane transporter,,,,,,,,,,,,,,,,,,,,,,
241 SLC2A3,,,0.77,3.67,Mes,0,,,,,,,,,,,,,,,,,,
,glucose transporter member 3,activity;transmembrane transporter activity,,,,,,,,,,,,,,,,,,,,,,
,,,,,,,,,,,,,,,,,,,,,,,,
242 OLFML2B,Olfactomedin-like protein 2B,receptor activity;structural molecule activity,0.77,3.65,Mes,0,,,,,,,,,,,,,,,,,,
,,hydrolase activity;deaminase activity;receptor,,,,,,,,,,,,,,,,,,,,,,
243 ANGPTL2,Angiopoietin-related protein 2,,0.76,3.64,Mes,0,,,,,,,,,,,,,,,,,,
,,binding;kinase regulator activity,,,,,,,,,,,,,,,,,,,,,,
,,oxidoreductase activity;serine-type peptidase,,,,,,,,,,,,,,,,,,,,,,
,,activity;metallopeptidase activity;receptor,,,,,,,,,,,,,,,,,,,,,,
244 PCOLCE,Procollagen C-endopeptidase,activity;lipid transporter activity;transmembrane,0.76,3.62,Mes,0,,,,,,,,,,,,,,,,,,
,enhancer 1,transporter activity;receptor binding;enzyme,,,,,,,,,,,,,,,,,,,,,,
,,regulator activity,,,,,,,,,,,,,,,,,,,,,,
,,receptor activity;transmembrane transporter,,,,,,,,,,,,,,,,,,,,,,
245 COLEC12,Collectin-12,,0.76,3.62,Mes,0,,,,,,,,,,,,,,,,,,
,,activity,,,,,,,,,,,,,,,,,,,,,,
246 CTSK,Cathepsin K,cysteine-type peptidase activity,0.76,3.62,Mes,0,,,,,,,,,,,,,,,,,,
,,structural constituent of cytoskeleton;actin,,,,,,,,,,,,,,,,,,,,,,
247 TAGLN,Transgelin,,0.76,3.60,Mes,0,,,,,,,,,,,,,,,,,,
,,binding,,,,,,,,,,,,,,,,,,,,,,
,,G-protein coupled receptor activity;calcium ion,,,,,,,,,,,,,,,,,,,,,,
248 CDH2,Cadherin-2,,0.76,3.60,Mes,0,,,,,,,,,,,,,,,,,,
,,binding,,,,,,,,,,,,,,,,,,,,,,
,Interleukin-10 receptor subunit,,,,,,,,,,,,,,,,,,,,,,,
249 IL10RA,,interferon receptor activity,0.76,3.60,Mes,0,,,,,,,,,,,,,,,,,,
,alpha,,,,,,,,,,,,,,,,,,,,,,,
,chromosome 1 open reading,,,,,,,,,,,,,,,,,,,,,,,
250 C1orf54,,---,0.76,3.60,Mes,0,,,,,,,,,,,,,,,,,,
,frame 54,,,,,,,,,,,,,,,,,,,,,,,
251 CEP170,Centrosomal protein of 170 kDa,---,0.76,3.59,Mes,1,,,,,,,,,,,,,,,,,,
,,phosphoprotein phosphatase,,,,,,,,,,,,,,,,,,,,,,
,,activity;phosphoprotein phosphatase,,,,,,,,,,,,,,,,,,,,,,
252 TNS1,Tensin-1,activity;structural constituent of cytoskeleton;actin,0.75,3.59,Mes,0,,,,,,,,,,,,,,,,,,
,,binding,,,,,,,,,,,,,,,,,,,,,,
,C-type lectin domain family 2,,,,,,,,,,,,,,,,,,,,,,,
253 CLEC2B,,receptor activity;receptor binding,0.75,3.58,Mes,0,,,,,,,,,,,,,,,,,,
,member B,,,,,,,,,,,,,,,,,,,,,,,
254 JAM3,Junctional adhesion molecule C,receptor activity,0.75,3.57,Mes,0,,,,,,,,,,,,,,,,,,
,,GTPase activity;structural constituent of,,,,,,,,,,,,,,,,,,,,,,
255 SEPT6,Septin-6,,0.75,3.56,Mes,0,,,,,,,,,,,,,,,,,,
,,cytoskeleton;protein binding,,,,,,,,,,,,,,,,,,,,,,
256 GREM1,Gremlin-1,---,0.75,3.55,Mes,0,,,,,,,,,,,,,,,,,,
257 VCAN,Versican core protein,---,0.75,3.54,Mes,0,,,,,,,,,,,,,,,,,,
,"zinc finger, CCHC domain",,,,,,,,,,,,,,,,,,,,,,,
258 ZCCHC24,,---,0.75,3.54,Mes,0,,,,,,,,,,,,,,,,,,
,containing 24,,,,,,,,,,,,,,,,,,,,,,,
259 CRYAB,Alpha-crystallin B chain,structural molecule activity,0.75,3.54,Mes,0,,,,,,,,,,,,,,,,,,
,Secreted frizzled-related protein,G-protein coupled receptor activity;receptor,,,,,,,,,,,,,,,,,,,,,,
260 SFRP4,,,0.74,3.53,Mes,0,,,,,,,,,,,,,,,,,,
,4,binding,,,,,,,,,,,,,,,,,,,,,,
,,transcription factor activity;transcription factor,,,,,,,,,,,,,,,,,,,,,,
261 RUNX1T1,Protein CBFA2T1,activity;transcription cofactor activity,0.74,3.52,Mes,0,,,,,,,,,,,,,,,,,,
,,hydrolase activity;deaminase activity;receptor,,,,,,,,,,,,,,,,,,,,,,
262 FGL2,Fibroleukin,binding;kinase regulator activity,0.74,3.51,Mes,0,,,,,,,,,,,,,,,,,,
,Membrane-spanning 4-domains,,,,,,,,,,,,,,,,,,,,,,,
263 MS4A6A,,receptor activity,0.74,3.51,Mes,0,,,,,,,,,,,,,,,,,,
,subfamily A member 6A,,,,,,,,,,,,,,,,,,,,,,,
,Polymerase I and transcript,transcription factor activity;transcription factor,,,,,,,,,,,,,,,,,,,,,,
264 PTRF,release factor,activity,0.74,3.48,Mes,1,,,,,,,,,,,,,,,,,,
265 GIMAP4,GTPase IMAP family member 4,---,0.73,3.48,Mes,0,,,,,,,,,,,,,,,,,,
,,transcription factor activity;transcription factor,,,,,,,,,,,,,,,,,,,,,,
266 TWIST1,Twist-related protein 1,,0.73,3.48,Mes,0,,,,,,,,,,,,,,,,,,
,,activity,,,,,,,,,,,,,,,,,,,,,,
,Glucosamine--fructose-6-,,,,,,,,,,,,,,,,,,,,,,,
267 GFPT2,phosphate aminotransferase,transaminase activity,0.73,3.47,Mes,1,,,,,,,,,,,,,,,,,,
,[isomerizing] 2,,,,,,,,,,,,,,,,,,,,,,,
268 LHFP,Lipoma HMGIC fusion partner,---,0.73,3.47,Mes,1,,,,,,,,,,,,,,,,,,
269 CXCR4,C-X-C chemokine receptor type 4 G-protein coupled receptor activity,,0.73,3.47,Mes,0,,,,,,,,,,,,,,,,,,
,,calcium ion binding;protein binding;cysteine-type,,,,,,,,,,,,,,,,,,,,,,
270 SPOCK1,Testican-1,endopeptidase inhibitor activity,0.73,3.46,Mes,0,,,,,,,,,,,,,,,,,,
271 SPARC,SPARC,growth factor activity,0.73,3.46,Mes,1,,,,,,,,,,,,,,,,,,
,V-set and immunoglobulin,,,,,,,,,,,,,,,,,,,,,,,
272 VSIG4,domain-containing protein 4,---,0.73,3.44,Mes,0,,,,,,,,,,,,,,,,,,
,Neuronal membrane glycoprotein,,,,,,,,,,,,,,,,,,,,,,,
273 GPM6B,,structural constituent of myelin sheath,0.72,3.42,Mes,0,,,,,,,,,,,,,,,,,,
,M6-b,,,,,,,,,,,,,,,,,,,,,,,
,Short transient receptor potential,,,,,,,,,,,,,,,,,,,,,,,
274 TRPC1,,ion channel activity,0.72,3.41,Mes,1,,,,,,,,,,,,,,,,,,
,channel 1,,,,,,,,,,,,,,,,,,,,,,,
,,,,,,,,,,,,,,,,,,,,,,,,
,,transcription factor activity;transcription factor,,,,,,,,,,,,,,,,,,,,,,
275 SNAI2,Zinc finger protein SNAI2,,0.72,3.39,Mes,0,,,,,,,,,,,,,,,,,,
,,activity,,,,,,,,,,,,,,,,,,,,,,
,"guanylate cyclase 1, soluble,",,,,,,,,,,,,,,,,,,,,,,,
276 GUCY1B3,,nucleotide binding,0.72,3.37,Mes,0,,,,,,,,,,,,,,,,,,
,beta 3,,,,,,,,,,,,,,,,,,,,,,,
,,transmembrane receptor protein kinase,,,,,,,,,,,,,,,,,,,,,,
,,activity;transmembrane receptor protein tyrosine,,,,,,,,,,,,,,,,,,,,,,
277 PLXNC1,Plexin-C1,kinase activity;transmembrane receptor protein,0.71,3.36,Mes,0,,,,,,,,,,,,,,,,,,
,,kinase activity;receptor binding,,,,,,,,,,,,,,,,,,,,,,
278 SYT11,Synaptotagmin-11,---,0.71,3.36,Mes,0,,,,,,,,,,,,,,,,,,
,Friend Leukaemia integration 1,transcription factor activity;receptor,,,,,,,,,,,,,,,,,,,,,,
279 FLI1,transcription factor,binding;transcription factor activity,0.71,3.36,Mes,0,,,,,,,,,,,,,,,,,,
,,motor activity;structural constituent of,,,,,,,,,,,,,,,,,,,,,,
280 MYH10,Myosin-10,cytoskeleton;protein binding;small GTPase,0.71,3.35,Mes,0,,,,,,,,,,,,,,,,,,
,,regulator activity,,,,,,,,,,,,,,,,,,,,,,
,Cytokine receptor common,,,,,,,,,,,,,,,,,,,,,,,
281 CSF2RB,,cytokine receptor activity,0.71,3.34,Mes,0,,,,,,,,,,,,,,,,,,
,subunit beta,,,,,,,,,,,,,,,,,,,,,,,
,,hydrolase activity;deaminase activity;receptor,,,,,,,,,,,,,,,,,,,,,,
282 TNC,Tenascin,binding;kinase regulator activity,0.71,3.34,Mes,0,,,,,,,,,,,,,,,,,,
283 PMP22,Peripheral myelin protein 22,structural constituent of cytoskeleton,0.71,3.34,Mes,1,,,,,,,,,,,,,,,,,,
,,receptor activity;extracellular matrix structural,,,,,,,,,,,,,,,,,,,,,,
284 COL5A2,Collagen alpha-2(V) chain,,0.71,3.34,Mes,1,,,,,,,,,,,,,,,,,,
,,constituent;transmembrane transporter activity,,,,,,,,,,,,,,,,,,,,,,
285 MMP2,72 kDa type IV collagenase,metallopeptidase activity,0.71,3.33,Mes,0,,,,,,,,,,,,,,,,,,
,Guanine nucleotide-binding,,,,,,,,,,,,,,,,,,,,,,,
286 GNG11,protein G(I)/G(S)/G(O) subunit,GTPase activity;protein binding,0.71,3.33,Mes,0,,,,,,,,,,,,,,,,,,
,gamma-11,,,,,,,,,,,,,,,,,,,,,,,
,,structural molecule activity;protein binding;small,,,,,,,,,,,,,,,,,,,,,,
287 CAV1,Caveolin-1,,0.71,3.31,Mes,0,,,,,,,,,,,,,,,,,,
,,GTPase regulator activity,,,,,,,,,,,,,,,,,,,,,,
,,non-membrane spanning protein tyrosine kinase,,,,,,,,,,,,,,,,,,,,,,
288 CDK14,Cyclin-dependent kinase 14,,0.70,3.30,Mes,0,,,,,,,,,,,,,,,,,,
,,activity,,,,,,,,,,,,,,,,,,,,,,
,,structural constituent of cytoskeleton;receptor,,,,,,,,,,,,,,,,,,,,,,
289 SDC2,Syndecan-2,,0.70,3.30,Mes,0,,,,,,,,,,,,,,,,,,
,,binding,,,,,,,,,,,,,,,,,,,,,,
290 PTGDS,Prostaglandin-H2 D-isomerase,isomerase activity;binding,0.70,3.30,Mes,0,,,,,,,,,,,,,,,,,,
,,ligand-dependent nuclear receptor,,,,,,,,,,,,,,,,,,,,,,
291 NR3C1,Glucocorticoid receptor,activity;transcription factor activity;transcription,0.70,3.29,Mes,0,,,,,,,,,,,,,,,,,,
,,factor activity,,,,,,,,,,,,,,,,,,,,,,
,Probable asparagine--tRNA,,,,,,,,,,,,,,,,,,,,,,,
292 SYNM,,aminoacyl-tRNA ligase activity;RNA binding,0.70,3.29,Mes,0,,,,,,,,,,,,,,,,,,
,"ligase, mitochondrial",,,,,,,,,,,,,,,,,,,,,,,
293 FAP,Glomulin,structural molecule activity;receptor binding,0.70,3.28,Mes,0,,,,,,,,,,,,,,,,,,
294 NUAK1,NUAK family SNF1-like kinase 1,protein kinase activity,0.70,3.28,Mes,0,,,,,,,,,,,,,,,,,,
,,transcription factor activity;protein binding;kinase,,,,,,,,,,,,,,,,,,,,,,
295 WWTR1,WW domain-containing,regulator activity;transcription factor,0.70,3.26,Mes,0,,,,,,,,,,,,,,,,,,
,transcription regulator protein 1,activity;transcription cofactor activity,,,,,,,,,,,,,,,,,,,,,,
,,receptor activity;extracellular matrix structural,,,,,,,,,,,,,,,,,,,,,,
,,constituent;calcium ion binding;receptor,,,,,,,,,,,,,,,,,,,,,,
296 FBLN1,Fibulin-1,binding;calmodulin binding;calcium-dependent,0.70,3.26,Mes,0,,,,,,,,,,,,,,,,,,
,,phospholipid binding,,,,,,,,,,,,,,,,,,,,,,
297 MPDZ,Multiple PDZ domain protein,structural constituent of cytoskeleton,0.69,3.23,Mes,0,,,,,,,,,,,,,,,,,,
,,structural constituent of cytoskeleton;calcium ion,,,,,,,,,,,,,,,,,,,,,,
298 SYNE1,Nesprin-1,,0.69,3.23,Mes,0,,,,,,,,,,,,,,,,,,
,,binding;actin binding,,,,,,,,,,,,,,,,,,,,,,
,,receptor activity;extracellular matrix structural,,,,,,,,,,,,,,,,,,,,,,
,EGF-containing fibulin-like,constituent;calcium ion binding;receptor,,,,,,,,,,,,,,,,,,,,,,
299 EFEMP2,extracellular matrix protein 2,binding;calmodulin binding;calcium-dependent,0.69,3.22,Mes,0,,,,,,,,,,,,,,,,,,
,,phospholipid binding,,,,,,,,,,,,,,,,,,,,,,
300 GIMAP6,GTPase IMAP family member 6,---,0.69,3.20,Mes,0,,,,,,,,,,,,,,,,,,
301 KIAA1462,---,cell adhesion,0.69,3.20,Mes,0,,,,,,,,,,,,,,,,,,
302 CCL8,C-C motif chemokine 8,chemokine activity,0.69,3.20,Mes,0,,,,,,,,,,,,,,,,,,
,,receptor activity;extracellular matrix structural,,,,,,,,,,,,,,,,,,,,,,
303 COL15A1,Collagen alpha-1(XV) chain,,0.69,3.20,Mes,0,,,,,,,,,,,,,,,,,,
,,constituent;transmembrane transporter activity,,,,,,,,,,,,,,,,,,,,,,
304 CHN1,N-chimaerin,protein binding;small GTPase regulator activity,0.68,3.20,Mes,1,,,,,,,,,,,,,,,,,,
,,,,,,,,,,,,,,,,,,,,,,,,
,Cysteine-rich secretory protein,,,,,,,,,,,,,,,,,,,,,,,
305 CRISPLD2,,---,0.68,3.19,Mes,0,,,,,,,,,,,,,,,,,,
,LCCL domain-containing 2,,,,,,,,,,,,,,,,,,,,,,,
,,oxidoreductase activity;serine-type peptidase,,,,,,,,,,,,,,,,,,,,,,
,,activity;metallopeptidase activity;receptor,,,,,,,,,,,,,,,,,,,,,,
306 PDGFC,Platelet-derived growth factor C,activity;lipid transporter activity;transmembrane,0.68,3.18,Mes,0,,,,,,,,,,,,,,,,,,
,,transporter activity;growth factor activity;enzyme,,,,,,,,,,,,,,,,,,,,,,
,,regulator activity,,,,,,,,,,,,,,,,,,,,,,
307 GEM,GTP-binding protein GEM,GTPase activity;protein binding,0.68,3.17,Mes,0,,,,,,,,,,,,,,,,,,
,Immunoglobulin superfamily,,,,,,,,,,,,,,,,,,,,,,,
308 ISLR,containing leucine-rich repeat,receptor activity,0.68,3.14,Mes,0,,,,,,,,,,,,,,,,,,
,protein,,,,,,,,,,,,,,,,,,,,,,,
,,serine-type peptidase activity;calcium ion,,,,,,,,,,,,,,,,,,,,,,
309 GZMK,Granzyme K,binding;growth factor activity;calmodulin,0.67,3.14,Mes,0,,,,,,,,,,,,,,,,,,
,,binding;calcium-dependent phospholipid binding,,,,,,,,,,,,,,,,,,,,,,
310 SPARCL1,SPARC-like protein 1,growth factor activity,0.67,3.14,Mes,0,,,,,,,,,,,,,,,,,,
,,transcription factor activity;transcription factor,,,,,,,,,,,,,,,,,,,,,,
311 BNC2,Zinc finger protein basonuclin-2,,0.67,3.12,Mes,0,,,,,,,,,,,,,,,,,,
,,activity,,,,,,,,,,,,,,,,,,,,,,
312 BGN,Biglycan,receptor activity,0.67,3.12,Mes,0,,,,,,,,,,,,,,,,,,
,,transcription factor activity;transcription factor,,,,,,,,,,,,,,,,,,,,,,
313 MEOX2,Homeobox protein MOX-2,,0.67,3.10,Mes,0,,,,,,,,,,,,,,,,,,
,,activity,,,,,,,,,,,,,,,,,,,,,,
314 ITM2A,Integral membrane protein 2A,---,0.67,3.10,Mes,0,,,,,,,,,,,,,,,,,,
,Intermediate filament family,,,,,,,,,,,,,,,,,,,,,,,
315 IFFO1,,---,0.67,3.10,Mes,0,,,,,,,,,,,,,,,,,,
,orphan 1,,,,,,,,,,,,,,,,,,,,,,,
,,,,,,,,,,,,,,,,,,,,,,,,